{"cameraMode":{"drawMode":0,"name":"Shaded","section":"Shading Mode"},"sceneLighting":true,"audioPlay":false,"sceneViewState":{"m_AlwaysRefresh":false,"showFog":true,"showSkybox":true,"showFlares":true,"showImageEffects":true,"showParticleSystems":true,"showVisualEffectGraphs":true,"m_FxEnabled":true},"in2DMode":false,"pivot":{"x":5.384697437286377,"y":2.9005799293518068,"z":-0.38168996572494509},"rotation":{"x":0.05768729746341705,"y":0.2547978162765503,"z":-0.015244639478623867,"w":0.9652275443077087},"size":3.2719509601593019,"orthographic":false}